"storetype","revenue"
"Local",156523.0100000009
"Super Store",43536.78000000003
"Mall Kiosk",22305.28
"Outlet",16346.609999999997
