"productcategory","profit"
"homeware",1193.5194880847384
"toys-and-games",721.6680523830821
"food-and-drink",84.60379277680555
"pets",39.13048269303169
"health-and-beauty",28.199327276263162
"sports-and-leisure",26.498699042391376
"diy",8.082529979942093
