"month","revenue"
"Aug",66036.31999999998
"Oct",65003.31999999995
"Jul",64503.250000000044
"Dec",63532.18999999996
"Sep",62941.22000000005
"Jan",59054.27000000001
"Jun",58902.48999999996
"May",58131.16
"Nov",56020.56000000002
"Mar",55564.450000000026
"Apr",51306.50000000004
"Feb",48212.83
